{
    "1": [
        [
            0,
            65
        ],
        -1.1839206090638685
    ],
    "2": [
        [
            970,
            48
        ],
        2.0032041023654346
    ],
    "3": [
        [
            513,
            382
        ],
        1.8817946074004375
    ],
    "4": [
        [
            594,
            804
        ],
        -0.3332443011116727
    ]
}