{
    "1": [
        [
            222,
            0
        ],
        3.1839206090638685
    ],
    "2": [
        [
            0,
            888
        ],
        -2.0032041023654346
    ],
    "3": [
        [
            111,
            777
        ],
        1.8817946074004375
    ],
    "4": [
        [
            594,
            804
        ],
        -0.3332443011116727
    ]
}